{"cameraMode":{"drawMode":0,"name":"Shaded","section":"Shading Mode"},"sceneLighting":true,"audioPlay":false,"sceneViewState":{"m_AlwaysRefresh":false,"showFog":true,"showSkybox":true,"showFlares":true,"showImageEffects":true,"showParticleSystems":true,"showVisualEffectGraphs":true,"m_FxEnabled":true},"in2DMode":false,"pivot":{"x":7.472600936889648,"y":2.7513504028320314,"z":5.012572765350342},"rotation":{"x":-0.34259486198425295,"y":0.16975127160549165,"z":-0.06308364123106003,"w":-0.9218803644180298},"size":4.9818806648254398,"orthographic":false}