{"cameraMode":{"drawMode":0,"name":"Shaded","section":"Shading Mode"},"sceneLighting":true,"audioPlay":false,"sceneViewState":{"m_AlwaysRefresh":false,"showFog":true,"showSkybox":true,"showFlares":true,"showImageEffects":true,"showParticleSystems":true,"showVisualEffectGraphs":true,"m_FxEnabled":true},"in2DMode":false,"pivot":{"x":746.755859375,"y":407.2763977050781,"z":3.919952392578125},"rotation":{"x":-0.04379585012793541,"y":0.0005936567904427648,"z":-0.000054126761824591085,"w":-0.9990664720535278},"size":156.4622344970703,"orthographic":false}