{"cameraMode":{"drawMode":0,"name":"Shaded","section":"Shading Mode"},"sceneLighting":true,"audioPlay":false,"sceneViewState":{"m_AlwaysRefresh":false,"showFog":true,"showSkybox":true,"showFlares":true,"showImageEffects":true,"showParticleSystems":true,"showVisualEffectGraphs":true,"m_FxEnabled":true},"in2DMode":false,"pivot":{"x":-2.6534080505371095,"y":1.0163354873657227,"z":-2.502169370651245},"rotation":{"x":0.010784984566271305,"y":-0.9723848104476929,"z":0.22902050614356996,"w":0.045836303383111957},"size":4.382731914520264,"orthographic":false}