{"cameraMode":{"drawMode":0,"name":"Shaded","section":"Shading Mode"},"sceneLighting":true,"audioPlay":false,"sceneViewState":{"m_AlwaysRefresh":false,"showFog":true,"showSkybox":true,"showFlares":true,"showImageEffects":true,"showParticleSystems":true,"showVisualEffectGraphs":true,"m_FxEnabled":true},"in2DMode":false,"pivot":{"x":-3.9708681106567385,"y":3.8600006103515627,"z":-1.0318503379821778},"rotation":{"x":-0.0035424937959760429,"y":-0.7546285390853882,"z":0.6562839150428772,"w":-0.004078347235918045},"size":26.556058883666993,"orthographic":false}