{"cameraMode":{"drawMode":0,"name":"Shaded","section":"Shading Mode"},"sceneLighting":true,"audioPlay":false,"sceneViewState":{"m_AlwaysRefresh":false,"showFog":true,"showSkybox":true,"showFlares":true,"showImageEffects":true,"showParticleSystems":true,"showVisualEffectGraphs":true,"m_FxEnabled":true},"in2DMode":false,"pivot":{"x":10.226388931274414,"y":1.2829251289367676,"z":0.25007474422454836},"rotation":{"x":-0.1781599074602127,"y":-0.7383372783660889,"z":0.21415922045707704,"w":-0.6142246127128601},"size":12.695089340209961,"orthographic":false}