{"cameraMode":{"drawMode":0,"name":"Shaded","section":"Shading Mode"},"sceneLighting":true,"audioPlay":false,"sceneViewState":{"m_AlwaysRefresh":false,"showFog":true,"showSkybox":true,"showFlares":true,"showImageEffects":true,"showParticleSystems":true,"showVisualEffectGraphs":true,"m_FxEnabled":true},"in2DMode":false,"pivot":{"x":6.371981620788574,"y":2.1997287273406984,"z":1.8092443943023682},"rotation":{"x":-0.06232863664627075,"y":0.4344656765460968,"z":-0.030189670622348787,"w":-0.8980483412742615},"size":3.7100048065185549,"orthographic":false}