{"cameraMode":{"drawMode":0,"name":"Shaded","section":"Shading Mode"},"sceneLighting":false,"audioPlay":false,"sceneViewState":{"m_AlwaysRefresh":false,"showFog":true,"showSkybox":false,"showFlares":true,"showImageEffects":true,"showParticleSystems":true,"showVisualEffectGraphs":true,"m_FxEnabled":true},"in2DMode":false,"pivot":{"x":-0.31323879957199099,"y":0.573810338973999,"z":-0.027177810668945314},"rotation":{"x":-0.000005006791070627514,"y":0.9996999502182007,"z":-0.00030881696147844195,"w":0.02579975314438343},"size":6.832734107971191,"orthographic":false}